ID,region,subregion,biome,date,plot_name,tree_number,genus,species,dbh,height,live,tree_notes,use_for_allometry,plot_type,plot_shape,baf,plot_area,lat1,lon1,lat2,lon2,lat3,lon3,lat4,lon4,collected_by,digitized_by
Flamingo1_100_tree_1,north_america,Florida,mangrove,11/2/2004,Flamingo1_100,1,Avicennia,germinans,7.4,9.25,1,,1,v,NA,5,-9999,25.444025,-81.146302,-9999,-9999,-9999,-9999,-9999,-9999,m simard,jm corcoran
Flamingo1_100_tree_2,north_america,Florida,mangrove,11/2/2004,Flamingo1_100,2,Avicennia,germinans,13.5,15.11,1,,1,v,NA,5,-9999,25.444025,-81.146302,-9999,-9999,-9999,-9999,-9999,-9999,m simard,jm corcoran
Flamingo1_100_tree_3,north_america,Florida,mangrove,11/2/2004,Flamingo1_100,3,Avicennia,germinans,10.7,13.69,1,,1,v,NA,5,-9999,25.444025,-81.146302,-9999,-9999,-9999,-9999,-9999,-9999,m simard,jm corcoran
Flamingo1_100_tree_4,north_america,Florida,mangrove,11/2/2004,Flamingo1_100,4,Avicennia,germinans,11.4,15.7,1,,1,v,NA,5,-9999,25.444025,-81.146302,-9999,-9999,-9999,-9999,-9999,-9999,m simard,jm corcoran
Flamingo1_100_tree_5,north_america,Florida,mangrove,11/2/2004,Flamingo1_100,5,Avicennia,germinans,11,11.19,1,,1,v,NA,5,-9999,25.444025,-81.146302,-9999,-9999,-9999,-9999,-9999,-9999,m simard,jm corcoran
Flamingo1_100_tree_6,north_america,Florida,mangrove,11/2/2004,Flamingo1_100,6,Avicennia,germinans,12.7,15.4,1,,1,v,NA,5,-9999,25.444025,-81.146302,-9999,-9999,-9999,-9999,-9999,-9999,m simard,jm corcoran
Flamingo1_100_tree_7,north_america,Florida,mangrove,11/2/2004,Flamingo1_100,7,Laguncularia,racemosa,13.2,17.44,1,,1,v,NA,5,-9999,25.444025,-81.146302,-9999,-9999,-9999,-9999,-9999,-9999,m simard,jm corcoran
Flamingo1_100_tree_8,north_america,Florida,mangrove,11/2/2004,Flamingo1_100,8,Rhizophora,mangle,13.7,10.79,1,,1,v,NA,5,-9999,25.444025,-81.146302,-9999,-9999,-9999,-9999,-9999,-9999,m simard,jm corcoran
Flamingo1_100_tree_9,north_america,Florida,mangrove,11/2/2004,Flamingo1_100,9,Avicennia,germinans,17.3,14.67,1,,1,v,NA,5,-9999,25.444025,-81.146302,-9999,-9999,-9999,-9999,-9999,-9999,m simard,jm corcoran
Flamingo1_100_tree_10,north_america,Florida,mangrove,11/2/2004,Flamingo1_100,10,Avicennia,germinans,20.7,14.5,1,,1,v,NA,5,-9999,25.444025,-81.146302,-9999,-9999,-9999,-9999,-9999,-9999,m simard,jm corcoran
Flamingo1_100_tree_11,north_america,Florida,mangrove,11/2/2004,Flamingo1_100,11,Avicennia,germinans,14.1,20.06,1,,1,v,NA,5,-9999,25.444025,-81.146302,-9999,-9999,-9999,-9999,-9999,-9999,m simard,jm corcoran
Flamingo1_100_tree_12,north_america,Florida,mangrove,11/2/2004,Flamingo1_100,12,Laguncularia,racemosa,15.1,16.01,1,,1,v,NA,5,-9999,25.444025,-81.146302,-9999,-9999,-9999,-9999,-9999,-9999,m simard,jm corcoran
Flamingo1_100_tree_13,north_america,Florida,mangrove,11/2/2004,Flamingo1_100,13,Avicennia,germinans,13.2,16.74,1,,1,v,NA,5,-9999,25.444025,-81.146302,-9999,-9999,-9999,-9999,-9999,-9999,m simard,jm corcoran
Flamingo1_100_tree_14,north_america,Florida,mangrove,11/2/2004,Flamingo1_100,14,Laguncularia,racemosa,8.6,11.35,1,,1,v,NA,5,-9999,25.444025,-81.146302,-9999,-9999,-9999,-9999,-9999,-9999,m simard,jm corcoran
Flamingo1_100_tree_15,north_america,Florida,mangrove,11/2/2004,Flamingo1_100,15,Laguncularia,racemosa,10.7,18.1,1,,1,v,NA,5,-9999,25.444025,-81.146302,-9999,-9999,-9999,-9999,-9999,-9999,m simard,jm corcoran
Flamingo1_100_tree_16,north_america,Florida,mangrove,11/2/2004,Flamingo1_100,16,Laguncularia,racemosa,28.1,17.88,1,,1,v,NA,5,-9999,25.444025,-81.146302,-9999,-9999,-9999,-9999,-9999,-9999,m simard,jm corcoran
Flamingo1_100_tree_17,north_america,Florida,mangrove,11/2/2004,Flamingo1_100,17,Rhizophora,mangle,15.8,16,1,,1,v,NA,5,-9999,25.444025,-81.146302,-9999,-9999,-9999,-9999,-9999,-9999,m simard,jm corcoran
Flamingo1_100_tree_18,north_america,Florida,mangrove,11/2/2004,Flamingo1_100,18,Laguncularia,racemosa,29.4,19.29,1,,1,v,NA,5,-9999,25.444025,-81.146302,-9999,-9999,-9999,-9999,-9999,-9999,m simard,jm corcoran
Flamingo1_250_tree_1,north_america,Florida,mangrove,11/2/2004,Flamingo1_250,1,Laguncularia,racemosa,5.9,10.05,1,,1,v,NA,5,-9999,25.443212,-81.144812,-9999,-9999,-9999,-9999,-9999,-9999,m simard,jm corcoran
Flamingo1_250_tree_2,north_america,Florida,mangrove,11/2/2004,Flamingo1_250,2,Rhizophora,mangle,6.7,7.99,1,,1,v,NA,5,-9999,25.443212,-81.144812,-9999,-9999,-9999,-9999,-9999,-9999,m simard,jm corcoran
Flamingo1_250_tree_3,north_america,Florida,mangrove,11/2/2004,Flamingo1_250,3,Laguncularia,racemosa,13.5,10.72,1,,1,v,NA,5,-9999,25.443212,-81.144812,-9999,-9999,-9999,-9999,-9999,-9999,m simard,jm corcoran
Flamingo1_250_tree_4,north_america,Florida,mangrove,11/2/2004,Flamingo1_250,4,Laguncularia,racemosa,6.8,9.4,1,,1,v,NA,5,-9999,25.443212,-81.144812,-9999,-9999,-9999,-9999,-9999,-9999,m simard,jm corcoran
Flamingo1_250_tree_5,north_america,Florida,mangrove,11/2/2004,Flamingo1_250,5,Laguncularia,racemosa,29.2,16.18,1,,1,v,NA,5,-9999,25.443212,-81.144812,-9999,-9999,-9999,-9999,-9999,-9999,m simard,jm corcoran
Flamingo1_250_tree_6,north_america,Florida,mangrove,11/2/2004,Flamingo1_250,6,Rhizophora,mangle,27.2,12.56,1,,1,v,NA,5,-9999,25.443212,-81.144812,-9999,-9999,-9999,-9999,-9999,-9999,m simard,jm corcoran
Flamingo1_250_tree_7,north_america,Florida,mangrove,11/2/2004,Flamingo1_250,7,Rhizophora,mangle,31.9,20.26,1,,1,v,NA,5,-9999,25.443212,-81.144812,-9999,-9999,-9999,-9999,-9999,-9999,m simard,jm corcoran
Flamingo1_250_tree_8,north_america,Florida,mangrove,11/2/2004,Flamingo1_250,8,Laguncularia,racemosa,23.8,18.06,1,,1,v,NA,5,-9999,25.443212,-81.144812,-9999,-9999,-9999,-9999,-9999,-9999,m simard,jm corcoran
Flamingo1_250_tree_9,north_america,Florida,mangrove,11/2/2004,Flamingo1_250,9,Avicennia,germinans,51.3,19.48,1,,1,v,NA,5,-9999,25.443212,-81.144812,-9999,-9999,-9999,-9999,-9999,-9999,m simard,jm corcoran
Flamingo1_400_tree_1,north_america,Florida,mangrove,11/2/2004,Flamingo1_400,1,Laguncularia,racemosa,16.1,15.43,1,,1,v,NA,5,-9999,25.44267,-81.14362,-9999,-9999,-9999,-9999,-9999,-9999,m simard,jm corcoran
Flamingo1_400_tree_2,north_america,Florida,mangrove,11/2/2004,Flamingo1_400,2,Laguncularia,racemosa,34.2,14.19,1,,1,v,NA,5,-9999,25.44267,-81.14362,-9999,-9999,-9999,-9999,-9999,-9999,m simard,jm corcoran
Flamingo1_400_tree_3,north_america,Florida,mangrove,11/2/2004,Flamingo1_400,3,Laguncularia,racemosa,9.9,21.63,1,,1,v,NA,5,-9999,25.44267,-81.14362,-9999,-9999,-9999,-9999,-9999,-9999,m simard,jm corcoran
Flamingo1_400_tree_4,north_america,Florida,mangrove,11/2/2004,Flamingo1_400,4,Laguncularia,racemosa,18.3,16.27,1,,1,v,NA,5,-9999,25.44267,-81.14362,-9999,-9999,-9999,-9999,-9999,-9999,m simard,jm corcoran
Flamingo1_400_tree_5,north_america,Florida,mangrove,11/2/2004,Flamingo1_400,5,Rhizophora,mangle,12.8,15.18,1,,1,v,NA,5,-9999,25.44267,-81.14362,-9999,-9999,-9999,-9999,-9999,-9999,m simard,jm corcoran
Flamingo1_400_tree_6,north_america,Florida,mangrove,11/2/2004,Flamingo1_400,6,Laguncularia,racemosa,17.6,15.13,1,,1,v,NA,5,-9999,25.44267,-81.14362,-9999,-9999,-9999,-9999,-9999,-9999,m simard,jm corcoran
Flamingo1_400_tree_7,north_america,Florida,mangrove,11/2/2004,Flamingo1_400,7,Laguncularia,racemosa,11.4,17.24,1,,1,v,NA,5,-9999,25.44267,-81.14362,-9999,-9999,-9999,-9999,-9999,-9999,m simard,jm corcoran
Flamingo1_400_tree_8,north_america,Florida,mangrove,11/2/2004,Flamingo1_400,8,Laguncularia,racemosa,8.3,10.12,1,,1,v,NA,5,-9999,25.44267,-81.14362,-9999,-9999,-9999,-9999,-9999,-9999,m simard,jm corcoran
Flamingo1_400_tree_9,north_america,Florida,mangrove,11/2/2004,Flamingo1_400,9,Laguncularia,racemosa,14.2,11.82,1,,1,v,NA,5,-9999,25.44267,-81.14362,-9999,-9999,-9999,-9999,-9999,-9999,m simard,jm corcoran
Flamingo1_400_tree_10,north_america,Florida,mangrove,11/2/2004,Flamingo1_400,10,Laguncularia,racemosa,12.8,12.08,1,,1,v,NA,5,-9999,25.44267,-81.14362,-9999,-9999,-9999,-9999,-9999,-9999,m simard,jm corcoran
Flamingo1_400_tree_11,north_america,Florida,mangrove,11/2/2004,Flamingo1_400,11,Laguncularia,racemosa,9,12.29,1,,1,v,NA,5,-9999,25.44267,-81.14362,-9999,-9999,-9999,-9999,-9999,-9999,m simard,jm corcoran
Flamingo1_400_tree_12,north_america,Florida,mangrove,11/2/2004,Flamingo1_400,12,Laguncularia,racemosa,9.4,20.68,1,,1,v,NA,5,-9999,25.44267,-81.14362,-9999,-9999,-9999,-9999,-9999,-9999,m simard,jm corcoran
Flamingo1_400_tree_13,north_america,Florida,mangrove,11/2/2004,Flamingo1_400,13,Laguncularia,racemosa,10.9,13.59,1,,1,v,NA,5,-9999,25.44267,-81.14362,-9999,-9999,-9999,-9999,-9999,-9999,m simard,jm corcoran
Flamingo1_400_tree_14,north_america,Florida,mangrove,11/2/2004,Flamingo1_400,14,Rhizophora,mangle,13.7,17.78,1,,1,v,NA,5,-9999,25.44267,-81.14362,-9999,-9999,-9999,-9999,-9999,-9999,m simard,jm corcoran
Flamingo1_400_tree_15,north_america,Florida,mangrove,11/2/2004,Flamingo1_400,15,Avicennia,germinans,24,17.79,1,,1,v,NA,5,-9999,25.44267,-81.14362,-9999,-9999,-9999,-9999,-9999,-9999,m simard,jm corcoran
Flamingo1_400_tree_16,north_america,Florida,mangrove,11/2/2004,Flamingo1_400,16,Avicennia,germinans,24.7,10.7,1,,1,v,NA,5,-9999,25.44267,-81.14362,-9999,-9999,-9999,-9999,-9999,-9999,m simard,jm corcoran
Flamingo1_400_tree_17,north_america,Florida,mangrove,11/2/2004,Flamingo1_400,17,Laguncularia,racemosa,17.6,12.36,1,,1,v,NA,5,-9999,25.44267,-81.14362,-9999,-9999,-9999,-9999,-9999,-9999,m simard,jm corcoran
Flamingo1_400_tree_18,north_america,Florida,mangrove,11/2/2004,Flamingo1_400,18,Avicennia,germinans,38.6,19.08,1,,1,v,NA,5,-9999,25.44267,-81.14362,-9999,-9999,-9999,-9999,-9999,-9999,m simard,jm corcoran
Flamingo1_400_tree_19,north_america,Florida,mangrove,11/2/2004,Flamingo1_400,19,Avicennia,germinans,36,15.39,1,,1,v,NA,5,-9999,25.44267,-81.14362,-9999,-9999,-9999,-9999,-9999,-9999,m simard,jm corcoran
Flamingo1_400_tree_20,north_america,Florida,mangrove,11/2/2004,Flamingo1_400,20,Avicennia,germinans,29.7,13.31,1,,1,v,NA,5,-9999,25.44267,-81.14362,-9999,-9999,-9999,-9999,-9999,-9999,m simard,jm corcoran
Flamingo1_500_tree_1,north_america,Florida,mangrove,11/2/2004,Flamingo1_500,1,Avicennia,germinans,26.9,14.41,1,,1,v,NA,5,-9999,25.442128,-81.142726,-9999,-9999,-9999,-9999,-9999,-9999,m simard,jm corcoran
Flamingo1_500_tree_2,north_america,Florida,mangrove,11/2/2004,Flamingo1_500,2,Rhizophora,mangle,9.1,12.45,1,,1,v,NA,5,-9999,25.442128,-81.142726,-9999,-9999,-9999,-9999,-9999,-9999,m simard,jm corcoran
Flamingo1_500_tree_3,north_america,Florida,mangrove,11/2/2004,Flamingo1_500,3,Rhizophora,mangle,7,10.07,1,,1,v,NA,5,-9999,25.442128,-81.142726,-9999,-9999,-9999,-9999,-9999,-9999,m simard,jm corcoran
Flamingo1_500_tree_4,north_america,Florida,mangrove,11/2/2004,Flamingo1_500,4,Rhizophora,mangle,9.6,8.81,1,,1,v,NA,5,-9999,25.442128,-81.142726,-9999,-9999,-9999,-9999,-9999,-9999,m simard,jm corcoran
Flamingo1_500_tree_5,north_america,Florida,mangrove,11/2/2004,Flamingo1_500,5,Avicennia,germinans,11.9,15.26,1,,1,v,NA,5,-9999,25.442128,-81.142726,-9999,-9999,-9999,-9999,-9999,-9999,m simard,jm corcoran
Flamingo1_500_tree_6,north_america,Florida,mangrove,11/2/2004,Flamingo1_500,6,Avicennia,germinans,17.9,16.11,1,,1,v,NA,5,-9999,25.442128,-81.142726,-9999,-9999,-9999,-9999,-9999,-9999,m simard,jm corcoran
Flamingo1_500_tree_7,north_america,Florida,mangrove,11/2/2004,Flamingo1_500,7,Avicennia,germinans,32.3,17.62,1,,1,v,NA,5,-9999,25.442128,-81.142726,-9999,-9999,-9999,-9999,-9999,-9999,m simard,jm corcoran
Flamingo1_500_tree_8,north_america,Florida,mangrove,11/2/2004,Flamingo1_500,8,Rhizophora,mangle,5.2,5.09,1,,1,v,NA,5,-9999,25.442128,-81.142726,-9999,-9999,-9999,-9999,-9999,-9999,m simard,jm corcoran
Flamingo1_500_tree_9,north_america,Florida,mangrove,11/2/2004,Flamingo1_500,9,Rhizophora,mangle,8.9,8.79,1,,1,v,NA,5,-9999,25.442128,-81.142726,-9999,-9999,-9999,-9999,-9999,-9999,m simard,jm corcoran
Flamingo1_500_tree_10,north_america,Florida,mangrove,11/2/2004,Flamingo1_500,10,Rhizophora,mangle,9,10.99,1,,1,v,NA,5,-9999,25.442128,-81.142726,-9999,-9999,-9999,-9999,-9999,-9999,m simard,jm corcoran
Flamingo1_500_tree_11,north_america,Florida,mangrove,11/2/2004,Flamingo1_500,11,Rhizophora,mangle,8.7,7.68,1,,1,v,NA,5,-9999,25.442128,-81.142726,-9999,-9999,-9999,-9999,-9999,-9999,m simard,jm corcoran
Flamingo1_500_tree_12,north_america,Florida,mangrove,11/2/2004,Flamingo1_500,12,Rhizophora,mangle,11.1,12.99,1,,1,v,NA,5,-9999,25.442128,-81.142726,-9999,-9999,-9999,-9999,-9999,-9999,m simard,jm corcoran
Flamingo1_500_tree_13,north_america,Florida,mangrove,11/2/2004,Flamingo1_500,13,Rhizophora,mangle,10.4,13.56,1,,1,v,NA,5,-9999,25.442128,-81.142726,-9999,-9999,-9999,-9999,-9999,-9999,m simard,jm corcoran
Flamingo1_500_tree_14,north_america,Florida,mangrove,11/2/2004,Flamingo1_500,14,Rhizophora,mangle,6.4,8.39,1,,1,v,NA,5,-9999,25.442128,-81.142726,-9999,-9999,-9999,-9999,-9999,-9999,m simard,jm corcoran
Flamingo1_600_tree_1,north_america,Florida,mangrove,11/2/2004,Flamingo1_600,1,Laguncularia,racemosa,6,14.5,1,,1,v,NA,5,-9999,25.441857,-81.141832,-9999,-9999,-9999,-9999,-9999,-9999,m simard,jm corcoran
Flamingo1_600_tree_2,north_america,Florida,mangrove,11/2/2004,Flamingo1_600,2,Laguncularia,racemosa,5,7.6,1,,1,v,NA,5,-9999,25.441857,-81.141832,-9999,-9999,-9999,-9999,-9999,-9999,m simard,jm corcoran
Flamingo1_600_tree_3,north_america,Florida,mangrove,11/2/2004,Flamingo1_600,3,Laguncularia,racemosa,7.2,13.78,1,,1,v,NA,5,-9999,25.441857,-81.141832,-9999,-9999,-9999,-9999,-9999,-9999,m simard,jm corcoran
Flamingo1_600_tree_4,north_america,Florida,mangrove,11/2/2004,Flamingo1_600,4,Laguncularia,racemosa,10,13.33,1,,1,v,NA,5,-9999,25.441857,-81.141832,-9999,-9999,-9999,-9999,-9999,-9999,m simard,jm corcoran
Flamingo1_600_tree_5,north_america,Florida,mangrove,11/2/2004,Flamingo1_600,5,Laguncularia,racemosa,6.1,11.54,1,,1,v,NA,5,-9999,25.441857,-81.141832,-9999,-9999,-9999,-9999,-9999,-9999,m simard,jm corcoran
Flamingo1_600_tree_6,north_america,Florida,mangrove,11/2/2004,Flamingo1_600,6,Laguncularia,racemosa,6.2,8.51,1,,1,v,NA,5,-9999,25.441857,-81.141832,-9999,-9999,-9999,-9999,-9999,-9999,m simard,jm corcoran
Flamingo1_600_tree_7,north_america,Florida,mangrove,11/2/2004,Flamingo1_600,7,Laguncularia,racemosa,9.3,18.19,1,,1,v,NA,5,-9999,25.441857,-81.141832,-9999,-9999,-9999,-9999,-9999,-9999,m simard,jm corcoran
Flamingo1_600_tree_8,north_america,Florida,mangrove,11/2/2004,Flamingo1_600,8,Laguncularia,racemosa,6.5,13.97,1,,1,v,NA,5,-9999,25.441857,-81.141832,-9999,-9999,-9999,-9999,-9999,-9999,m simard,jm corcoran
Flamingo1_600_tree_9,north_america,Florida,mangrove,11/2/2004,Flamingo1_600,9,Laguncularia,racemosa,9.4,17.07,1,,1,v,NA,5,-9999,25.441857,-81.141832,-9999,-9999,-9999,-9999,-9999,-9999,m simard,jm corcoran
Flamingo1_600_tree_10,north_america,Florida,mangrove,11/2/2004,Flamingo1_600,10,Laguncularia,racemosa,11.3,15.15,1,,1,v,NA,5,-9999,25.441857,-81.141832,-9999,-9999,-9999,-9999,-9999,-9999,m simard,jm corcoran
Flamingo1_600_tree_11,north_america,Florida,mangrove,11/2/2004,Flamingo1_600,11,Laguncularia,racemosa,5.2,11.59,1,,1,v,NA,5,-9999,25.441857,-81.141832,-9999,-9999,-9999,-9999,-9999,-9999,m simard,jm corcoran
Flamingo1_600_tree_12,north_america,Florida,mangrove,11/2/2004,Flamingo1_600,12,Laguncularia,racemosa,11.1,12.26,1,,1,v,NA,5,-9999,25.441857,-81.141832,-9999,-9999,-9999,-9999,-9999,-9999,m simard,jm corcoran
Flamingo1_600_tree_13,north_america,Florida,mangrove,11/2/2004,Flamingo1_600,13,Laguncularia,racemosa,7.7,10.28,1,,1,v,NA,5,-9999,25.441857,-81.141832,-9999,-9999,-9999,-9999,-9999,-9999,m simard,jm corcoran
Flamingo1_600_tree_14,north_america,Florida,mangrove,11/2/2004,Flamingo1_600,14,Laguncularia,racemosa,11.9,13.45,1,,1,v,NA,5,-9999,25.441857,-81.141832,-9999,-9999,-9999,-9999,-9999,-9999,m simard,jm corcoran
Flamingo1_600_tree_15,north_america,Florida,mangrove,11/2/2004,Flamingo1_600,15,Avicennia,germinans,38.3,16.46,1,,1,v,NA,5,-9999,25.441857,-81.141832,-9999,-9999,-9999,-9999,-9999,-9999,m simard,jm corcoran
Flamingo1_600_tree_16,north_america,Florida,mangrove,11/2/2004,Flamingo1_600,16,Avicennia,germinans,24.4,15.46,1,,1,v,NA,5,-9999,25.441857,-81.141832,-9999,-9999,-9999,-9999,-9999,-9999,m simard,jm corcoran
Flamingo1_600_tree_17,north_america,Florida,mangrove,11/2/2004,Flamingo1_600,17,Avicennia,germinans,39.1,18.87,1,,1,v,NA,5,-9999,25.441857,-81.141832,-9999,-9999,-9999,-9999,-9999,-9999,m simard,jm corcoran
Flamingo1_600_tree_18,north_america,Florida,mangrove,11/2/2004,Flamingo1_600,18,Laguncularia,racemosa,12.7,17.55,1,,1,v,NA,5,-9999,25.441857,-81.141832,-9999,-9999,-9999,-9999,-9999,-9999,m simard,jm corcoran
Flamingo1_600_tree_19,north_america,Florida,mangrove,11/2/2004,Flamingo1_600,19,Laguncularia,racemosa,13.7,16.32,1,,1,v,NA,5,-9999,25.441857,-81.141832,-9999,-9999,-9999,-9999,-9999,-9999,m simard,jm corcoran
Flamingo1_600_tree_20,north_america,Florida,mangrove,11/2/2004,Flamingo1_600,20,Laguncularia,racemosa,10,13.91,1,,1,v,NA,5,-9999,25.441857,-81.141832,-9999,-9999,-9999,-9999,-9999,-9999,m simard,jm corcoran
Flamingo1_700_tree_1,north_america,Florida,mangrove,11/2/2004,Flamingo1_700,1,Laguncularia,racemosa,10.8,11.24,1,,1,v,NA,5,-9999,25.441315,-81.140938,-9999,-9999,-9999,-9999,-9999,-9999,m simard,jm corcoran
Flamingo1_700_tree_2,north_america,Florida,mangrove,11/2/2004,Flamingo1_700,2,Laguncularia,racemosa,5.5,8.89,1,,1,v,NA,5,-9999,25.441315,-81.140938,-9999,-9999,-9999,-9999,-9999,-9999,m simard,jm corcoran
Flamingo1_700_tree_3,north_america,Florida,mangrove,11/2/2004,Flamingo1_700,3,Laguncularia,racemosa,5.2,8.73,1,,1,v,NA,5,-9999,25.441315,-81.140938,-9999,-9999,-9999,-9999,-9999,-9999,m simard,jm corcoran
Flamingo1_700_tree_4,north_america,Florida,mangrove,11/2/2004,Flamingo1_700,4,Laguncularia,racemosa,9.3,10.95,1,,1,v,NA,5,-9999,25.441315,-81.140938,-9999,-9999,-9999,-9999,-9999,-9999,m simard,jm corcoran
Flamingo1_700_tree_5,north_america,Florida,mangrove,11/2/2004,Flamingo1_700,5,Laguncularia,racemosa,6,10.08,1,,1,v,NA,5,-9999,25.441315,-81.140938,-9999,-9999,-9999,-9999,-9999,-9999,m simard,jm corcoran
Flamingo1_700_tree_6,north_america,Florida,mangrove,11/2/2004,Flamingo1_700,6,Laguncularia,racemosa,8.1,12.1,1,,1,v,NA,5,-9999,25.441315,-81.140938,-9999,-9999,-9999,-9999,-9999,-9999,m simard,jm corcoran
Flamingo1_700_tree_7,north_america,Florida,mangrove,11/2/2004,Flamingo1_700,7,Laguncularia,racemosa,6.4,11.89,1,,1,v,NA,5,-9999,25.441315,-81.140938,-9999,-9999,-9999,-9999,-9999,-9999,m simard,jm corcoran
Flamingo1_700_tree_8,north_america,Florida,mangrove,11/2/2004,Flamingo1_700,8,Laguncularia,racemosa,8.6,12.72,1,,1,v,NA,5,-9999,25.441315,-81.140938,-9999,-9999,-9999,-9999,-9999,-9999,m simard,jm corcoran
Flamingo1_700_tree_9,north_america,Florida,mangrove,11/2/2004,Flamingo1_700,9,Laguncularia,racemosa,9.1,12.86,1,,1,v,NA,5,-9999,25.441315,-81.140938,-9999,-9999,-9999,-9999,-9999,-9999,m simard,jm corcoran
Flamingo1_700_tree_10,north_america,Florida,mangrove,11/2/2004,Flamingo1_700,10,Avicennia,germinans,11.2,13.67,1,,1,v,NA,5,-9999,25.441315,-81.140938,-9999,-9999,-9999,-9999,-9999,-9999,m simard,jm corcoran
Flamingo1_700_tree_11,north_america,Florida,mangrove,11/2/2004,Flamingo1_700,11,Laguncularia,racemosa,7.4,13.38,1,,1,v,NA,5,-9999,25.441315,-81.140938,-9999,-9999,-9999,-9999,-9999,-9999,m simard,jm corcoran
Flamingo2_100_tree_1,north_america,Florida,mangrove,11/2/2004,Flamingo2_100,1,Rhizophora,mangle,7,10.74,1,,1,v,NA,5,-9999,25.425326,-81.114118,-9999,-9999,-9999,-9999,-9999,-9999,m simard,jm corcoran
Flamingo2_100_tree_2,north_america,Florida,mangrove,11/2/2004,Flamingo2_100,2,Rhizophora,mangle,13.5,12.31,1,,1,v,NA,5,-9999,25.425326,-81.114118,-9999,-9999,-9999,-9999,-9999,-9999,m simard,jm corcoran
Flamingo2_100_tree_3,north_america,Florida,mangrove,11/2/2004,Flamingo2_100,3,Rhizophora,mangle,9.8,10.34,1,,1,v,NA,5,-9999,25.425326,-81.114118,-9999,-9999,-9999,-9999,-9999,-9999,m simard,jm corcoran
Flamingo2_100_tree_4,north_america,Florida,mangrove,11/2/2004,Flamingo2_100,4,Rhizophora,mangle,12.6,10.81,1,,1,v,NA,5,-9999,25.425326,-81.114118,-9999,-9999,-9999,-9999,-9999,-9999,m simard,jm corcoran
Flamingo2_100_tree_5,north_america,Florida,mangrove,11/2/2004,Flamingo2_100,5,Rhizophora,mangle,12,14.84,1,,1,v,NA,5,-9999,25.425326,-81.114118,-9999,-9999,-9999,-9999,-9999,-9999,m simard,jm corcoran
Flamingo2_100_tree_6,north_america,Florida,mangrove,11/2/2004,Flamingo2_100,6,Laguncularia,racemosa,19,15.23,1,,1,v,NA,5,-9999,25.425326,-81.114118,-9999,-9999,-9999,-9999,-9999,-9999,m simard,jm corcoran
Flamingo2_100_tree_7,north_america,Florida,mangrove,11/2/2004,Flamingo2_100,7,Avicennia,germinans,25.8,14.83,1,,1,v,NA,5,-9999,25.425326,-81.114118,-9999,-9999,-9999,-9999,-9999,-9999,m simard,jm corcoran
Flamingo2_100_tree_8,north_america,Florida,mangrove,11/2/2004,Flamingo2_100,8,Avicennia,germinans,37.8,14.41,1,,1,v,NA,5,-9999,25.425326,-81.114118,-9999,-9999,-9999,-9999,-9999,-9999,m simard,jm corcoran
Flamingo2_100_tree_9,north_america,Florida,mangrove,11/2/2004,Flamingo2_100,9,Rhizophora,mangle,7.2,9.89,1,,1,v,NA,5,-9999,25.425326,-81.114118,-9999,-9999,-9999,-9999,-9999,-9999,m simard,jm corcoran
Flamingo2_100_tree_10,north_america,Florida,mangrove,11/2/2004,Flamingo2_100,10,Rhizophora,mangle,6,9,1,,1,v,NA,5,-9999,25.425326,-81.114118,-9999,-9999,-9999,-9999,-9999,-9999,m simard,jm corcoran
Flamingo2_100_tree_11,north_america,Florida,mangrove,11/2/2004,Flamingo2_100,11,Laguncularia,racemosa,10.1,15.26,1,,1,v,NA,5,-9999,25.425326,-81.114118,-9999,-9999,-9999,-9999,-9999,-9999,m simard,jm corcoran
Flamingo2_100_tree_12,north_america,Florida,mangrove,11/2/2004,Flamingo2_100,12,Rhizophora,mangle,9.7,12.8,1,,1,v,NA,5,-9999,25.425326,-81.114118,-9999,-9999,-9999,-9999,-9999,-9999,m simard,jm corcoran
Flamingo2_100_tree_13,north_america,Florida,mangrove,11/2/2004,Flamingo2_100,13,Rhizophora,mangle,7.6,11.92,1,,1,v,NA,5,-9999,25.425326,-81.114118,-9999,-9999,-9999,-9999,-9999,-9999,m simard,jm corcoran
Flamingo2_100_tree_14,north_america,Florida,mangrove,11/2/2004,Flamingo2_100,14,Laguncularia,racemosa,12.6,13.25,1,,1,v,NA,5,-9999,25.425326,-81.114118,-9999,-9999,-9999,-9999,-9999,-9999,m simard,jm corcoran
Flamingo2_100_tree_15,north_america,Florida,mangrove,11/2/2004,Flamingo2_100,15,Avicennia,germinans,12,15.74,1,,1,v,NA,5,-9999,25.425326,-81.114118,-9999,-9999,-9999,-9999,-9999,-9999,m simard,jm corcoran
Flamingo2_100_tree_16,north_america,Florida,mangrove,11/2/2004,Flamingo2_100,16,Laguncularia,racemosa,8.3,10.42,1,,1,v,NA,5,-9999,25.425326,-81.114118,-9999,-9999,-9999,-9999,-9999,-9999,m simard,jm corcoran
Flamingo2_100_tree_17,north_america,Florida,mangrove,11/2/2004,Flamingo2_100,17,Laguncularia,racemosa,15.3,14.85,1,,1,v,NA,5,-9999,25.425326,-81.114118,-9999,-9999,-9999,-9999,-9999,-9999,m simard,jm corcoran
Flamingo2_100_tree_18,north_america,Florida,mangrove,11/2/2004,Flamingo2_100,18,Avicennia,germinans,38.5,16.56,1,,1,v,NA,5,-9999,25.425326,-81.114118,-9999,-9999,-9999,-9999,-9999,-9999,m simard,jm corcoran
Flamingo2_100_tree_19,north_america,Florida,mangrove,11/2/2004,Flamingo2_100,19,Avicennia,germinans,11.4,12.75,1,,1,v,NA,5,-9999,25.425326,-81.114118,-9999,-9999,-9999,-9999,-9999,-9999,m simard,jm corcoran
Flamingo2_100_tree_20,north_america,Florida,mangrove,11/2/2004,Flamingo2_100,20,Avicennia,germinans,15.3,18.24,1,,1,v,NA,5,-9999,25.425326,-81.114118,-9999,-9999,-9999,-9999,-9999,-9999,m simard,jm corcoran
Flamingo2_100_tree_21,north_america,Florida,mangrove,11/2/2004,Flamingo2_100,21,Laguncularia,racemosa,20,15.25,1,,1,v,NA,5,-9999,25.425326,-81.114118,-9999,-9999,-9999,-9999,-9999,-9999,m simard,jm corcoran
Flamingo2_100_tree_22,north_america,Florida,mangrove,11/2/2004,Flamingo2_100,22,Laguncularia,racemosa,22,20.62,1,,1,v,NA,5,-9999,25.425326,-81.114118,-9999,-9999,-9999,-9999,-9999,-9999,m simard,jm corcoran
Flamingo2_100_tree_23,north_america,Florida,mangrove,11/2/2004,Flamingo2_100,23,Avicennia,germinans,26.3,20.43,1,,1,v,NA,5,-9999,25.425326,-81.114118,-9999,-9999,-9999,-9999,-9999,-9999,m simard,jm corcoran
Flamingo2_100_tree_24,north_america,Florida,mangrove,11/2/2004,Flamingo2_100,24,Avicennia,germinans,28.2,17.25,1,,1,v,NA,5,-9999,25.425326,-81.114118,-9999,-9999,-9999,-9999,-9999,-9999,m simard,jm corcoran
Flamingo2_100_tree_25,north_america,Florida,mangrove,11/2/2004,Flamingo2_100,25,Avicennia,germinans,32.7,15.71,1,,1,v,NA,5,-9999,25.425326,-81.114118,-9999,-9999,-9999,-9999,-9999,-9999,m simard,jm corcoran
Flamingo2_100_tree_26,north_america,Florida,mangrove,11/2/2004,Flamingo2_100,26,Rhizophora,mangle,19.4,15.78,1,,1,v,NA,5,-9999,25.425326,-81.114118,-9999,-9999,-9999,-9999,-9999,-9999,m simard,jm corcoran
Flamingo2_100_tree_27,north_america,Florida,mangrove,11/2/2004,Flamingo2_100,27,Laguncularia,racemosa,13.8,19.28,1,,1,v,NA,5,-9999,25.425326,-81.114118,-9999,-9999,-9999,-9999,-9999,-9999,m simard,jm corcoran
Flamingo2_100_tree_28,north_america,Florida,mangrove,11/2/2004,Flamingo2_100,28,Rhizophora,mangle,6.4,8,1,,1,v,NA,5,-9999,25.425326,-81.114118,-9999,-9999,-9999,-9999,-9999,-9999,m simard,jm corcoran
Flamingo2_250_tree_1,north_america,Florida,mangrove,11/2/2004,Flamingo2_250,1,Laguncularia,racemosa,9.3,11.15,1,,1,v,NA,5,-9999,25.424784,-81.112926,-9999,-9999,-9999,-9999,-9999,-9999,m simard,jm corcoran
Flamingo2_250_tree_2,north_america,Florida,mangrove,11/2/2004,Flamingo2_250,2,Laguncularia,racemosa,13.3,14.21,1,,1,v,NA,5,-9999,25.424784,-81.112926,-9999,-9999,-9999,-9999,-9999,-9999,m simard,jm corcoran
Flamingo2_250_tree_3,north_america,Florida,mangrove,11/2/2004,Flamingo2_250,3,Laguncularia,racemosa,23.9,13.59,1,,1,v,NA,5,-9999,25.424784,-81.112926,-9999,-9999,-9999,-9999,-9999,-9999,m simard,jm corcoran
Flamingo2_250_tree_4,north_america,Florida,mangrove,11/2/2004,Flamingo2_250,4,Laguncularia,racemosa,26.1,16.21,1,,1,v,NA,5,-9999,25.424784,-81.112926,-9999,-9999,-9999,-9999,-9999,-9999,m simard,jm corcoran
Flamingo2_250_tree_5,north_america,Florida,mangrove,11/2/2004,Flamingo2_250,5,Laguncularia,racemosa,21.6,12.47,1,,1,v,NA,5,-9999,25.424784,-81.112926,-9999,-9999,-9999,-9999,-9999,-9999,m simard,jm corcoran
Flamingo2_250_tree_6,north_america,Florida,mangrove,11/2/2004,Flamingo2_250,6,Avicennia,germinans,29.4,18.75,1,,1,v,NA,5,-9999,25.424784,-81.112926,-9999,-9999,-9999,-9999,-9999,-9999,m simard,jm corcoran
Flamingo2_250_tree_7,north_america,Florida,mangrove,11/2/2004,Flamingo2_250,7,Rhizophora,mangle,13.7,14.55,1,,1,v,NA,5,-9999,25.424784,-81.112926,-9999,-9999,-9999,-9999,-9999,-9999,m simard,jm corcoran
Flamingo2_250_tree_8,north_america,Florida,mangrove,11/2/2004,Flamingo2_250,8,Avicennia,germinans,37.8,19.16,1,,1,v,NA,5,-9999,25.424784,-81.112926,-9999,-9999,-9999,-9999,-9999,-9999,m simard,jm corcoran
Flamingo2_250_tree_9,north_america,Florida,mangrove,11/2/2004,Flamingo2_250,9,Laguncularia,racemosa,25.2,13.8,1,,1,v,NA,5,-9999,25.424784,-81.112926,-9999,-9999,-9999,-9999,-9999,-9999,m simard,jm corcoran
Flamingo2_250_tree_10,north_america,Florida,mangrove,11/2/2004,Flamingo2_250,10,Laguncularia,racemosa,21.6,14.35,1,,1,v,NA,5,-9999,25.424784,-81.112926,-9999,-9999,-9999,-9999,-9999,-9999,m simard,jm corcoran
Flamingo2_250_tree_11,north_america,Florida,mangrove,11/2/2004,Flamingo2_250,11,Laguncularia,racemosa,14.4,13.92,1,,1,v,NA,5,-9999,25.424784,-81.112926,-9999,-9999,-9999,-9999,-9999,-9999,m simard,jm corcoran
Flamingo2_250_tree_12,north_america,Florida,mangrove,11/2/2004,Flamingo2_250,12,Laguncularia,racemosa,24.6,16.43,1,,1,v,NA,5,-9999,25.424784,-81.112926,-9999,-9999,-9999,-9999,-9999,-9999,m simard,jm corcoran
Flamingo2_250_tree_13,north_america,Florida,mangrove,11/2/2004,Flamingo2_250,13,Rhizophora,mangle,21,13.52,1,,1,v,NA,5,-9999,25.424784,-81.112926,-9999,-9999,-9999,-9999,-9999,-9999,m simard,jm corcoran
Flamingo2_250_tree_14,north_america,Florida,mangrove,11/2/2004,Flamingo2_250,14,Rhizophora,mangle,28.7,19.85,1,,1,v,NA,5,-9999,25.424784,-81.112926,-9999,-9999,-9999,-9999,-9999,-9999,m simard,jm corcoran
Flamingo2_550_tree_1,north_america,Florida,mangrove,11/2/2004,Flamingo2_550,1,Avicennia,germinans,35.9,16.75,1,,1,v,NA,5,-9999,25.423971,-81.11084,-9999,-9999,-9999,-9999,-9999,-9999,m simard,jm corcoran
Flamingo2_550_tree_2,north_america,Florida,mangrove,11/2/2004,Flamingo2_550,2,Rhizophora,mangle,8.6,10.24,1,,1,v,NA,5,-9999,25.423971,-81.11084,-9999,-9999,-9999,-9999,-9999,-9999,m simard,jm corcoran
Flamingo2_550_tree_3,north_america,Florida,mangrove,11/2/2004,Flamingo2_550,3,Rhizophora,mangle,5.7,7.47,1,,1,v,NA,5,-9999,25.423971,-81.11084,-9999,-9999,-9999,-9999,-9999,-9999,m simard,jm corcoran
Flamingo2_550_tree_4,north_america,Florida,mangrove,11/2/2004,Flamingo2_550,4,Laguncularia,racemosa,21.2,16.73,1,,1,v,NA,5,-9999,25.423971,-81.11084,-9999,-9999,-9999,-9999,-9999,-9999,m simard,jm corcoran
Flamingo2_550_tree_5,north_america,Florida,mangrove,11/2/2004,Flamingo2_550,5,Laguncularia,racemosa,16.9,12.8,1,,1,v,NA,5,-9999,25.423971,-81.11084,-9999,-9999,-9999,-9999,-9999,-9999,m simard,jm corcoran
Flamingo2_550_tree_6,north_america,Florida,mangrove,11/2/2004,Flamingo2_550,6,Laguncularia,racemosa,21.4,12.08,1,,1,v,NA,5,-9999,25.423971,-81.11084,-9999,-9999,-9999,-9999,-9999,-9999,m simard,jm corcoran
Flamingo2_550_tree_7,north_america,Florida,mangrove,11/2/2004,Flamingo2_550,7,Rhizophora,mangle,21.3,19.2,1,,1,v,NA,5,-9999,25.423971,-81.11084,-9999,-9999,-9999,-9999,-9999,-9999,m simard,jm corcoran
Flamingo2_550_tree_8,north_america,Florida,mangrove,11/2/2004,Flamingo2_550,8,Laguncularia,racemosa,18.5,20.1,1,,1,v,NA,5,-9999,25.423971,-81.11084,-9999,-9999,-9999,-9999,-9999,-9999,m simard,jm corcoran
Flamingo2_550_tree_9,north_america,Florida,mangrove,11/2/2004,Flamingo2_550,9,Avicennia,germinans,20.2,20.48,1,,1,v,NA,5,-9999,25.423971,-81.11084,-9999,-9999,-9999,-9999,-9999,-9999,m simard,jm corcoran
Flamingo2_550_tree_10,north_america,Florida,mangrove,11/2/2004,Flamingo2_550,10,Laguncularia,racemosa,24.7,20.32,1,,1,v,NA,5,-9999,25.423971,-81.11084,-9999,-9999,-9999,-9999,-9999,-9999,m simard,jm corcoran
Flamingo2_550_tree_11,north_america,Florida,mangrove,11/2/2004,Flamingo2_550,11,Laguncularia,racemosa,12.2,12.32,1,,1,v,NA,5,-9999,25.423971,-81.11084,-9999,-9999,-9999,-9999,-9999,-9999,m simard,jm corcoran
Flamingo2_550_tree_12,north_america,Florida,mangrove,11/2/2004,Flamingo2_550,12,Laguncularia,racemosa,17,11.54,1,,1,v,NA,5,-9999,25.423971,-81.11084,-9999,-9999,-9999,-9999,-9999,-9999,m simard,jm corcoran
Flamingo2_550_tree_13,north_america,Florida,mangrove,11/2/2004,Flamingo2_550,13,Laguncularia,racemosa,8.7,8.38,1,,1,v,NA,5,-9999,25.423971,-81.11084,-9999,-9999,-9999,-9999,-9999,-9999,m simard,jm corcoran
Flamingo2_550_tree_14,north_america,Florida,mangrove,11/2/2004,Flamingo2_550,14,Laguncularia,racemosa,7.2,5.72,1,,1,v,NA,5,-9999,25.423971,-81.11084,-9999,-9999,-9999,-9999,-9999,-9999,m simard,jm corcoran
Flamingo2_550_tree_15,north_america,Florida,mangrove,11/2/2004,Flamingo2_550,15,Avicennia,germinans,17.5,14.4,1,,1,v,NA,5,-9999,25.423971,-81.11084,-9999,-9999,-9999,-9999,-9999,-9999,m simard,jm corcoran
Flamingo2_550_tree_16,north_america,Florida,mangrove,11/2/2004,Flamingo2_550,16,Rhizophora,mangle,17.7,11.57,1,,1,v,NA,5,-9999,25.423971,-81.11084,-9999,-9999,-9999,-9999,-9999,-9999,m simard,jm corcoran
Flamingo2_550_tree_17,north_america,Florida,mangrove,11/2/2004,Flamingo2_550,17,Laguncularia,racemosa,14.2,13.29,1,,1,v,NA,5,-9999,25.423971,-81.11084,-9999,-9999,-9999,-9999,-9999,-9999,m simard,jm corcoran
Flamingo2_550_tree_18,north_america,Florida,mangrove,11/2/2004,Flamingo2_550,18,Laguncularia,racemosa,9.5,13.67,1,,1,v,NA,5,-9999,25.423971,-81.11084,-9999,-9999,-9999,-9999,-9999,-9999,m simard,jm corcoran
Flamingo2_650_tree_1,north_america,Florida,mangrove,11/2/2004,Flamingo2_650,1,Rhizophora,mangle,25.8,15.16,1,,1,v,NA,5,-9999,25.423429,-81.10935,-9999,-9999,-9999,-9999,-9999,-9999,m simard,jm corcoran
Flamingo2_650_tree_2,north_america,Florida,mangrove,11/2/2004,Flamingo2_650,2,Avicennia,germinans,23.4,16.98,1,,1,v,NA,5,-9999,25.423429,-81.10935,-9999,-9999,-9999,-9999,-9999,-9999,m simard,jm corcoran
Flamingo2_650_tree_3,north_america,Florida,mangrove,11/2/2004,Flamingo2_650,3,Laguncularia,racemosa,23.8,14.41,1,,1,v,NA,5,-9999,25.423429,-81.10935,-9999,-9999,-9999,-9999,-9999,-9999,m simard,jm corcoran
Flamingo2_650_tree_4,north_america,Florida,mangrove,11/2/2004,Flamingo2_650,4,Laguncularia,racemosa,9.1,10.15,1,,1,v,NA,5,-9999,25.423429,-81.10935,-9999,-9999,-9999,-9999,-9999,-9999,m simard,jm corcoran
Flamingo2_650_tree_5,north_america,Florida,mangrove,11/2/2004,Flamingo2_650,5,Laguncularia,racemosa,14.4,9.57,1,,1,v,NA,5,-9999,25.423429,-81.10935,-9999,-9999,-9999,-9999,-9999,-9999,m simard,jm corcoran
Flamingo2_650_tree_6,north_america,Florida,mangrove,11/2/2004,Flamingo2_650,6,Laguncularia,racemosa,8,11.97,1,,1,v,NA,5,-9999,25.423429,-81.10935,-9999,-9999,-9999,-9999,-9999,-9999,m simard,jm corcoran
Flamingo2_650_tree_7,north_america,Florida,mangrove,11/2/2004,Flamingo2_650,7,Avicennia,germinans,34.4,22.2,1,,1,v,NA,5,-9999,25.423429,-81.10935,-9999,-9999,-9999,-9999,-9999,-9999,m simard,jm corcoran
Flamingo2_650_tree_8,north_america,Florida,mangrove,11/2/2004,Flamingo2_650,8,Laguncularia,racemosa,18.3,16.6,1,,1,v,NA,5,-9999,25.423429,-81.10935,-9999,-9999,-9999,-9999,-9999,-9999,m simard,jm corcoran
Flamingo2_650_tree_9,north_america,Florida,mangrove,11/2/2004,Flamingo2_650,9,Laguncularia,racemosa,27.9,14.65,1,,1,v,NA,5,-9999,25.423429,-81.10935,-9999,-9999,-9999,-9999,-9999,-9999,m simard,jm corcoran
Flamingo2_650_tree_10,north_america,Florida,mangrove,11/2/2004,Flamingo2_650,10,Rhizophora,mangle,14.5,12.24,1,,1,v,NA,5,-9999,25.423429,-81.10935,-9999,-9999,-9999,-9999,-9999,-9999,m simard,jm corcoran
Flamingo2_650_tree_11,north_america,Florida,mangrove,11/2/2004,Flamingo2_650,11,Laguncularia,racemosa,14.2,13.63,1,,1,v,NA,5,-9999,25.423429,-81.10935,-9999,-9999,-9999,-9999,-9999,-9999,m simard,jm corcoran
Flamingo2_650_tree_12,north_america,Florida,mangrove,11/2/2004,Flamingo2_650,12,Rhizophora,mangle,8.6,12.55,1,,1,v,NA,5,-9999,25.423429,-81.10935,-9999,-9999,-9999,-9999,-9999,-9999,m simard,jm corcoran
Flamingo2_650_tree_13,north_america,Florida,mangrove,11/2/2004,Flamingo2_650,13,Rhizophora,mangle,12.3,18.32,1,,1,v,NA,5,-9999,25.423429,-81.10935,-9999,-9999,-9999,-9999,-9999,-9999,m simard,jm corcoran
Flamingo2_650_tree_14,north_america,Florida,mangrove,11/2/2004,Flamingo2_650,14,Laguncularia,racemosa,22.2,19.5,1,,1,v,NA,5,-9999,25.423429,-81.10935,-9999,-9999,-9999,-9999,-9999,-9999,m simard,jm corcoran
Flamingo2_650_tree_15,north_america,Florida,mangrove,11/2/2004,Flamingo2_650,15,Rhizophora,mangle,16.4,24.62,1,,1,v,NA,5,-9999,25.423429,-81.10935,-9999,-9999,-9999,-9999,-9999,-9999,m simard,jm corcoran
Flamingo2_650_tree_16,north_america,Florida,mangrove,11/2/2004,Flamingo2_650,16,Laguncularia,racemosa,18.6,16.45,1,,1,v,NA,5,-9999,25.423429,-81.10935,-9999,-9999,-9999,-9999,-9999,-9999,m simard,jm corcoran
Flamingo2_950_tree_1,north_america,Florida,mangrove,11/2/2004,Flamingo2_950,1,Rhizophora,mangle,21.5,9.31,1,,1,v,NA,5,-9999,25.422345,-81.106668,-9999,-9999,-9999,-9999,-9999,-9999,m simard,jm corcoran
Flamingo2_950_tree_2,north_america,Florida,mangrove,11/2/2004,Flamingo2_950,2,Rhizophora,mangle,16.6,8.05,1,,1,v,NA,5,-9999,25.422345,-81.106668,-9999,-9999,-9999,-9999,-9999,-9999,m simard,jm corcoran
Flamingo2_950_tree_3,north_america,Florida,mangrove,11/2/2004,Flamingo2_950,3,Rhizophora,mangle,27,9.21,1,,1,v,NA,5,-9999,25.422345,-81.106668,-9999,-9999,-9999,-9999,-9999,-9999,m simard,jm corcoran
Flamingo2_950_tree_4,north_america,Florida,mangrove,11/2/2004,Flamingo2_950,4,Rhizophora,mangle,11,6.76,1,,1,v,NA,5,-9999,25.422345,-81.106668,-9999,-9999,-9999,-9999,-9999,-9999,m simard,jm corcoran
Flamingo2_950_tree_5,north_america,Florida,mangrove,11/2/2004,Flamingo2_950,5,Avicennia,germinans,31.6,12.92,1,,1,v,NA,5,-9999,25.422345,-81.106668,-9999,-9999,-9999,-9999,-9999,-9999,m simard,jm corcoran
Flamingo2_950_tree_6,north_america,Florida,mangrove,11/2/2004,Flamingo2_950,6,Rhizophora,mangle,16.2,13.2,1,,1,v,NA,5,-9999,25.422345,-81.106668,-9999,-9999,-9999,-9999,-9999,-9999,m simard,jm corcoran
Flamingo2_950_tree_7,north_america,Florida,mangrove,11/2/2004,Flamingo2_950,7,Rhizophora,mangle,21.4,12.24,1,,1,v,NA,5,-9999,25.422345,-81.106668,-9999,-9999,-9999,-9999,-9999,-9999,m simard,jm corcoran
Flamingo2_950_tree_8,north_america,Florida,mangrove,11/2/2004,Flamingo2_950,8,Rhizophora,mangle,19.4,15.34,1,,1,v,NA,5,-9999,25.422345,-81.106668,-9999,-9999,-9999,-9999,-9999,-9999,m simard,jm corcoran
Flamingo2_950_tree_9,north_america,Florida,mangrove,11/2/2004,Flamingo2_950,9,Avicennia,germinans,30,15.4,1,,1,v,NA,5,-9999,25.422345,-81.106668,-9999,-9999,-9999,-9999,-9999,-9999,m simard,jm corcoran
Flamingo2_950_tree_10,north_america,Florida,mangrove,11/2/2004,Flamingo2_950,10,Rhizophora,mangle,17.5,8.25,1,,1,v,NA,5,-9999,25.422345,-81.106668,-9999,-9999,-9999,-9999,-9999,-9999,m simard,jm corcoran
Flamingo2_950_tree_11,north_america,Florida,mangrove,11/2/2004,Flamingo2_950,11,Rhizophora,mangle,22.4,18.2,1,,1,v,NA,5,-9999,25.422345,-81.106668,-9999,-9999,-9999,-9999,-9999,-9999,m simard,jm corcoran
Flamingo5B_133_tree_1,north_america,Florida,mangrove,11/2/2004,Flamingo5B_133,1,Laguncularia,racemosa,20.4,26.56,1,,1,v,NA,5,-9999,25.360015,-81.078954,-9999,-9999,-9999,-9999,-9999,-9999,m simard,jm corcoran
Flamingo5B_133_tree_2,north_america,Florida,mangrove,11/2/2004,Flamingo5B_133,2,Laguncularia,racemosa,13.2,26.56,1,,1,v,NA,5,-9999,25.360015,-81.078954,-9999,-9999,-9999,-9999,-9999,-9999,m simard,jm corcoran
Flamingo5B_133_tree_3,north_america,Florida,mangrove,11/2/2004,Flamingo5B_133,3,Rhizophora,mangle,19.8,20.16,1,,1,v,NA,5,-9999,25.360015,-81.078954,-9999,-9999,-9999,-9999,-9999,-9999,m simard,jm corcoran
Flamingo5B_133_tree_4,north_america,Florida,mangrove,11/2/2004,Flamingo5B_133,4,Rhizophora,mangle,21.6,21.15,1,,1,v,NA,5,-9999,25.360015,-81.078954,-9999,-9999,-9999,-9999,-9999,-9999,m simard,jm corcoran
Flamingo5B_133_tree_5,north_america,Florida,mangrove,11/2/2004,Flamingo5B_133,5,Laguncularia,racemosa,22.6,21.98,1,,1,v,NA,5,-9999,25.360015,-81.078954,-9999,-9999,-9999,-9999,-9999,-9999,m simard,jm corcoran
Flamingo5B_133_tree_6,north_america,Florida,mangrove,11/2/2004,Flamingo5B_133,6,Laguncularia,racemosa,17.3,21.8,1,,1,v,NA,5,-9999,25.360015,-81.078954,-9999,-9999,-9999,-9999,-9999,-9999,m simard,jm corcoran
Flamingo5B_133_tree_7,north_america,Florida,mangrove,11/2/2004,Flamingo5B_133,7,Rhizophora,mangle,31,28,1,,1,v,NA,5,-9999,25.360015,-81.078954,-9999,-9999,-9999,-9999,-9999,-9999,m simard,jm corcoran
Flamingo5B_133_tree_8,north_america,Florida,mangrove,11/2/2004,Flamingo5B_133,8,Rhizophora,mangle,34,20.9,1,,1,v,NA,5,-9999,25.360015,-81.078954,-9999,-9999,-9999,-9999,-9999,-9999,m simard,jm corcoran
Flamingo5B_133_tree_9,north_america,Florida,mangrove,11/2/2004,Flamingo5B_133,9,Laguncularia,racemosa,30.4,15.15,1,,1,v,NA,5,-9999,25.360015,-81.078954,-9999,-9999,-9999,-9999,-9999,-9999,m simard,jm corcoran
Flamingo5B_133_tree_10,north_america,Florida,mangrove,11/2/2004,Flamingo5B_133,10,Laguncularia,racemosa,24.8,22.6,1,,1,v,NA,5,-9999,25.360015,-81.078954,-9999,-9999,-9999,-9999,-9999,-9999,m simard,jm corcoran
Flamingo5B_133_tree_11,north_america,Florida,mangrove,11/2/2004,Flamingo5B_133,11,Laguncularia,racemosa,14,17.21,1,,0,v,NA,5,-9999,25.360015,-81.078954,-9999,-9999,-9999,-9999,-9999,-9999,m simard,jm corcoran
Flamingo5B_133_tree_12,north_america,Florida,mangrove,11/2/2004,Flamingo5B_133,12,Rhizophora,mangle,14.5,19.94,1,,1,v,NA,5,-9999,25.360015,-81.078954,-9999,-9999,-9999,-9999,-9999,-9999,m simard,jm corcoran
Flamingo5B_133_tree_13,north_america,Florida,mangrove,11/2/2004,Flamingo5B_133,13,Laguncularia,racemosa,27,23.15,1,,1,v,NA,5,-9999,25.360015,-81.078954,-9999,-9999,-9999,-9999,-9999,-9999,m simard,jm corcoran
Flamingo5B_133_tree_14,north_america,Florida,mangrove,11/2/2004,Flamingo5B_133,14,Rhizophora,mangle,26,24.18,1,,1,v,NA,5,-9999,25.360015,-81.078954,-9999,-9999,-9999,-9999,-9999,-9999,m simard,jm corcoran
Flamingo5B_133_tree_15,north_america,Florida,mangrove,11/2/2004,Flamingo5B_133,15,Laguncularia,racemosa,20.5,17.63,1,,1,v,NA,5,-9999,25.360015,-81.078954,-9999,-9999,-9999,-9999,-9999,-9999,m simard,jm corcoran
Flamingo5B_133_tree_16,north_america,Florida,mangrove,11/2/2004,Flamingo5B_133,16,Laguncularia,racemosa,22,13.24,1,,1,v,NA,5,-9999,25.360015,-81.078954,-9999,-9999,-9999,-9999,-9999,-9999,m simard,jm corcoran
Flamingo5B_133_tree_17,north_america,Florida,mangrove,11/2/2004,Flamingo5B_133,17,Rhizophora,mangle,23.607,19.1,1,,1,v,NA,5,-9999,25.360015,-81.078954,-9999,-9999,-9999,-9999,-9999,-9999,m simard,jm corcoran
Flamingo5B_133_tree_18,north_america,Florida,mangrove,11/2/2004,Flamingo5B_133,18,Laguncularia,racemosa,25.3,20.26,1,,1,v,NA,5,-9999,25.360015,-81.078954,-9999,-9999,-9999,-9999,-9999,-9999,m simard,jm corcoran
Flamingo5B_133_tree_19,north_america,Florida,mangrove,11/2/2004,Flamingo5B_133,19,Rhizophora,mangle,9.1,13.22,1,,1,v,NA,5,-9999,25.360015,-81.078954,-9999,-9999,-9999,-9999,-9999,-9999,m simard,jm corcoran
Flamingo5B_133_tree_20,north_america,Florida,mangrove,11/2/2004,Flamingo5B_133,20,Avicennia,germinans,14.5,14.556,1,,1,v,NA,5,-9999,25.360015,-81.078954,-9999,-9999,-9999,-9999,-9999,-9999,m simard,jm corcoran
Flamingo5B_133_tree_21,north_america,Florida,mangrove,11/2/2004,Flamingo5B_133,21,Rhizophora,mangle,19.86,17.23,1,,1,v,NA,5,-9999,25.360015,-81.078954,-9999,-9999,-9999,-9999,-9999,-9999,m simard,jm corcoran
Flamingo5B_133_tree_22,north_america,Florida,mangrove,11/2/2004,Flamingo5B_133,22,Laguncularia,racemosa,20.18,17.39,1,,1,v,NA,5,-9999,25.360015,-81.078954,-9999,-9999,-9999,-9999,-9999,-9999,m simard,jm corcoran
Flamingo5B_133_tree_23,north_america,Florida,mangrove,11/2/2004,Flamingo5B_133,23,Rhizophora,mangle,3.8477,9.24,1,,1,v,NA,5,-9999,25.360015,-81.078954,-9999,-9999,-9999,-9999,-9999,-9999,m simard,jm corcoran
Flamingo5B_133_tree_24,north_america,Florida,mangrove,11/2/2004,Flamingo5B_133,24,Rhizophora,mangle,24.18,26,1,,1,v,NA,5,-9999,25.360015,-81.078954,-9999,-9999,-9999,-9999,-9999,-9999,m simard,jm corcoran
Flamingo5B_133_tree_25,north_america,Florida,mangrove,11/2/2004,Flamingo5B_133,25,Laguncularia,racemosa,17.63,20.5,1,,1,v,NA,5,-9999,25.360015,-81.078954,-9999,-9999,-9999,-9999,-9999,-9999,m simard,jm corcoran
Flamingo5B_133_tree_26,north_america,Florida,mangrove,11/2/2004,Flamingo5B_133,26,Laguncularia,racemosa,13.24,22,1,,1,v,NA,5,-9999,25.360015,-81.078954,-9999,-9999,-9999,-9999,-9999,-9999,m simard,jm corcoran
Flamingo5B_133_tree_27,north_america,Florida,mangrove,11/2/2004,Flamingo5B_133,27,Rhizophora,mangle,19.1,23.607,1,,1,v,NA,5,-9999,25.360015,-81.078954,-9999,-9999,-9999,-9999,-9999,-9999,m simard,jm corcoran
Flamingo5B_133_tree_28,north_america,Florida,mangrove,11/2/2004,Flamingo5B_133,28,Laguncularia,racemosa,20.26,25.3,1,,1,v,NA,5,-9999,25.360015,-81.078954,-9999,-9999,-9999,-9999,-9999,-9999,m simard,jm corcoran
Flamingo5B_133_tree_29,north_america,Florida,mangrove,11/2/2004,Flamingo5B_133,29,Rhizophora,mangle,13.22,9.1,1,,1,v,NA,5,-9999,25.360015,-81.078954,-9999,-9999,-9999,-9999,-9999,-9999,m simard,jm corcoran
Flamingo5B_133_tree_30,north_america,Florida,mangrove,11/2/2004,Flamingo5B_133,30,Avicennia,germinans,14.56,14.5,1,,1,v,NA,5,-9999,25.360015,-81.078954,-9999,-9999,-9999,-9999,-9999,-9999,m simard,jm corcoran
Flamingo5B_133_tree_31,north_america,Florida,mangrove,11/2/2004,Flamingo5B_133,31,Rhizophora,mangle,17.23,19.86,1,,1,v,NA,5,-9999,25.360015,-81.078954,-9999,-9999,-9999,-9999,-9999,-9999,m simard,jm corcoran
Flamingo5B_133_tree_32,north_america,Florida,mangrove,11/2/2004,Flamingo5B_133,32,Laguncularia,racemosa,17.39,20.18,1,,1,v,NA,5,-9999,25.360015,-81.078954,-9999,-9999,-9999,-9999,-9999,-9999,m simard,jm corcoran
Flamingo5B_133_tree_33,north_america,Florida,mangrove,11/2/2004,Flamingo5B_133,33,Rhizophora,mangle,9.24,3.84,1,,1,v,NA,5,-9999,25.360015,-81.078954,-9999,-9999,-9999,-9999,-9999,-9999,m simard,jm corcoran
Flamingo5B_233_tree_1,north_america,Florida,mangrove,11/2/2004,Flamingo5B_233,1,Laguncularia,racemosa,19.7,20.41,1,,1,v,NA,5,-9999,25.359744,-81.079848,-9999,-9999,-9999,-9999,-9999,-9999,m simard,jm corcoran
Flamingo5B_233_tree_2,north_america,Florida,mangrove,11/2/2004,Flamingo5B_233,2,Avicennia,germinans,13.2,12.28,1,,1,v,NA,5,-9999,25.359744,-81.079848,-9999,-9999,-9999,-9999,-9999,-9999,m simard,jm corcoran
Flamingo5B_233_tree_3,north_america,Florida,mangrove,11/2/2004,Flamingo5B_233,3,Laguncularia,racemosa,29,26.37,1,,1,v,NA,5,-9999,25.359744,-81.079848,-9999,-9999,-9999,-9999,-9999,-9999,m simard,jm corcoran
Flamingo5B_233_tree_4,north_america,Florida,mangrove,11/2/2004,Flamingo5B_233,4,Rhizophora,mangle,28.2,24.65,1,,1,v,NA,5,-9999,25.359744,-81.079848,-9999,-9999,-9999,-9999,-9999,-9999,m simard,jm corcoran
Flamingo5B_233_tree_5,north_america,Florida,mangrove,11/2/2004,Flamingo5B_233,5,Rhizophora,mangle,17.2,16.51,1,,1,v,NA,5,-9999,25.359744,-81.079848,-9999,-9999,-9999,-9999,-9999,-9999,m simard,jm corcoran
Flamingo5B_233_tree_6,north_america,Florida,mangrove,11/2/2004,Flamingo5B_233,6,Avicennia,germinans,28,21.46,1,,1,v,NA,5,-9999,25.359744,-81.079848,-9999,-9999,-9999,-9999,-9999,-9999,m simard,jm corcoran
Flamingo5B_233_tree_7,north_america,Florida,mangrove,11/2/2004,Flamingo5B_233,7,Avicennia,germinans,8,11.74,1,,1,v,NA,5,-9999,25.359744,-81.079848,-9999,-9999,-9999,-9999,-9999,-9999,m simard,jm corcoran
Flamingo5B_233_tree_8,north_america,Florida,mangrove,11/2/2004,Flamingo5B_233,8,Rhizophora,mangle,21.4,13.09,1,,0,v,NA,5,-9999,25.359744,-81.079848,-9999,-9999,-9999,-9999,-9999,-9999,m simard,jm corcoran
Flamingo5B_233_tree_9,north_america,Florida,mangrove,11/2/2004,Flamingo5B_233,9,Laguncularia,racemosa,22.4,20.25,1,,1,v,NA,5,-9999,25.359744,-81.079848,-9999,-9999,-9999,-9999,-9999,-9999,m simard,jm corcoran
Flamingo5B_233_tree_10,north_america,Florida,mangrove,11/2/2004,Flamingo5B_233,10,Laguncularia,racemosa,23,16.49,1,,1,v,NA,5,-9999,25.359744,-81.079848,-9999,-9999,-9999,-9999,-9999,-9999,m simard,jm corcoran
Flamingo5B_233_tree_11,north_america,Florida,mangrove,11/2/2004,Flamingo5B_233,11,Laguncularia,racemosa,13.7,20.89,1,,1,v,NA,5,-9999,25.359744,-81.079848,-9999,-9999,-9999,-9999,-9999,-9999,m simard,jm corcoran
Flamingo5B_233_tree_12,north_america,Florida,mangrove,11/2/2004,Flamingo5B_233,12,Rhizophora,mangle,21,21.25,1,,1,v,NA,5,-9999,25.359744,-81.079848,-9999,-9999,-9999,-9999,-9999,-9999,m simard,jm corcoran
Flamingo5B_233_tree_13,north_america,Florida,mangrove,11/2/2004,Flamingo5B_233,13,Avicennia,germinans,25,22.29,1,,1,v,NA,5,-9999,25.359744,-81.079848,-9999,-9999,-9999,-9999,-9999,-9999,m simard,jm corcoran
Flamingo5B_233_tree_14,north_america,Florida,mangrove,11/2/2004,Flamingo5B_233,14,Rhizophora,mangle,21.5,23.67,1,,1,v,NA,5,-9999,25.359744,-81.079848,-9999,-9999,-9999,-9999,-9999,-9999,m simard,jm corcoran
Flamingo5B_233_tree_15,north_america,Florida,mangrove,11/2/2004,Flamingo5B_233,15,Rhizophora,mangle,27.4,22.49,1,,1,v,NA,5,-9999,25.359744,-81.079848,-9999,-9999,-9999,-9999,-9999,-9999,m simard,jm corcoran
Flamingo5B_233_tree_16,north_america,Florida,mangrove,11/2/2004,Flamingo5B_233,16,Avicennia,germinans,18.8,8.11,1,,1,v,NA,5,-9999,25.359744,-81.079848,-9999,-9999,-9999,-9999,-9999,-9999,m simard,jm corcoran
Flamingo5B_233_tree_17,north_america,Florida,mangrove,11/2/2004,Flamingo5B_233,17,Rhizophora,mangle,15.1,9.51,1,,1,v,NA,5,-9999,25.359744,-81.079848,-9999,-9999,-9999,-9999,-9999,-9999,m simard,jm corcoran
Flamingo5B_233_tree_18,north_america,Florida,mangrove,11/2/2004,Flamingo5B_233,18,Avicennia,germinans,21.1,17.71,1,,1,v,NA,5,-9999,25.359744,-81.079848,-9999,-9999,-9999,-9999,-9999,-9999,m simard,jm corcoran
Flamingo5B_233_tree_19,north_america,Florida,mangrove,11/2/2004,Flamingo5B_233,19,Avicennia,germinans,14.7,12.45,1,,1,v,NA,5,-9999,25.359744,-81.079848,-9999,-9999,-9999,-9999,-9999,-9999,m simard,jm corcoran
Flamingo5B_233_tree_20,north_america,Florida,mangrove,11/2/2004,Flamingo5B_233,20,Laguncularia,racemosa,27.2,21.01,1,,1,v,NA,5,-9999,25.359744,-81.079848,-9999,-9999,-9999,-9999,-9999,-9999,m simard,jm corcoran
Flamingo5B_233_tree_21,north_america,Florida,mangrove,11/2/2004,Flamingo5B_233,21,Laguncularia,racemosa,18.8,15.83,1,,1,v,NA,5,-9999,25.359744,-81.079848,-9999,-9999,-9999,-9999,-9999,-9999,m simard,jm corcoran
Flamingo5B_233_tree_22,north_america,Florida,mangrove,11/2/2004,Flamingo5B_233,22,Avicennia,germinans,15.9,10.28,1,,1,v,NA,5,-9999,25.359744,-81.079848,-9999,-9999,-9999,-9999,-9999,-9999,m simard,jm corcoran
Flamingo5B_33_tree_1,north_america,Florida,mangrove,11/2/2004,Flamingo5B_33,1,Laguncularia,racemosa,20,11.46,1,,1,v,NA,5,-9999,25.360015,-81.07806,-9999,-9999,-9999,-9999,-9999,-9999,m simard,jm corcoran
Flamingo5B_33_tree_2,north_america,Florida,mangrove,11/2/2004,Flamingo5B_33,2,Laguncularia,racemosa,21.2,20,1,,1,v,NA,5,-9999,25.360015,-81.07806,-9999,-9999,-9999,-9999,-9999,-9999,m simard,jm corcoran
Flamingo5B_33_tree_3,north_america,Florida,mangrove,11/2/2004,Flamingo5B_33,3,Rhizophora,mangle,15.8,10.15,1,,1,v,NA,5,-9999,25.360015,-81.07806,-9999,-9999,-9999,-9999,-9999,-9999,m simard,jm corcoran
Flamingo5B_33_tree_4,north_america,Florida,mangrove,11/2/2004,Flamingo5B_33,4,Rhizophora,mangle,30.3,13.55,1,,1,v,NA,5,-9999,25.360015,-81.07806,-9999,-9999,-9999,-9999,-9999,-9999,m simard,jm corcoran
Flamingo5B_33_tree_5,north_america,Florida,mangrove,11/2/2004,Flamingo5B_33,5,Rhizophora,mangle,7.4,11.86,1,,1,v,NA,5,-9999,25.360015,-81.07806,-9999,-9999,-9999,-9999,-9999,-9999,m simard,jm corcoran
Flamingo5B_33_tree_6,north_america,Florida,mangrove,11/2/2004,Flamingo5B_33,6,Rhizophora,mangle,10.5,10.27,1,,1,v,NA,5,-9999,25.360015,-81.07806,-9999,-9999,-9999,-9999,-9999,-9999,m simard,jm corcoran
Flamingo5B_33_tree_7,north_america,Florida,mangrove,11/2/2004,Flamingo5B_33,7,Laguncularia,racemosa,27.3,27,1,,1,v,NA,5,-9999,25.360015,-81.07806,-9999,-9999,-9999,-9999,-9999,-9999,m simard,jm corcoran
Flamingo5B_33_tree_8,north_america,Florida,mangrove,11/2/2004,Flamingo5B_33,8,Laguncularia,racemosa,21.2,14.2,1,,1,v,NA,5,-9999,25.360015,-81.07806,-9999,-9999,-9999,-9999,-9999,-9999,m simard,jm corcoran
Flamingo5B_33_tree_9,north_america,Florida,mangrove,11/2/2004,Flamingo5B_33,9,Rhizophora,mangle,22.8,21.19,1,,1,v,NA,5,-9999,25.360015,-81.07806,-9999,-9999,-9999,-9999,-9999,-9999,m simard,jm corcoran
Flamingo5B_33_tree_10,north_america,Florida,mangrove,11/2/2004,Flamingo5B_33,10,Rhizophora,mangle,13.9,13.86,1,,1,v,NA,5,-9999,25.360015,-81.07806,-9999,-9999,-9999,-9999,-9999,-9999,m simard,jm corcoran
Flamingo5B_33_tree_11,north_america,Florida,mangrove,11/2/2004,Flamingo5B_33,11,Laguncularia,racemosa,13.3,13.61,1,,1,v,NA,5,-9999,25.360015,-81.07806,-9999,-9999,-9999,-9999,-9999,-9999,m simard,jm corcoran
Flamingo5B_33_tree_12,north_america,Florida,mangrove,11/2/2004,Flamingo5B_33,12,Rhizophora,mangle,16.9,12,1,,1,v,NA,5,-9999,25.360015,-81.07806,-9999,-9999,-9999,-9999,-9999,-9999,m simard,jm corcoran
Flamingo5B_33_tree_13,north_america,Florida,mangrove,11/2/2004,Flamingo5B_33,13,Rhizophora,mangle,19.7,14.07,1,,1,v,NA,5,-9999,25.360015,-81.07806,-9999,-9999,-9999,-9999,-9999,-9999,m simard,jm corcoran
Flamingo5B_33_tree_14,north_america,Florida,mangrove,11/2/2004,Flamingo5B_33,14,Rhizophora,mangle,7.3,10.97,1,,1,v,NA,5,-9999,25.360015,-81.07806,-9999,-9999,-9999,-9999,-9999,-9999,m simard,jm corcoran
Flamingo5B_333_tree_1,north_america,Florida,mangrove,11/2/2004,Flamingo5B_333,1,Laguncularia,racemosa,20.3,22.58,1,,1,v,NA,5,-9999,25.359473,-81.080742,-9999,-9999,-9999,-9999,-9999,-9999,m simard,jm corcoran
Flamingo5B_333_tree_2,north_america,Florida,mangrove,11/2/2004,Flamingo5B_333,2,Laguncularia,racemosa,14.5,21.89,1,,1,v,NA,5,-9999,25.359473,-81.080742,-9999,-9999,-9999,-9999,-9999,-9999,m simard,jm corcoran
Flamingo5B_333_tree_3,north_america,Florida,mangrove,11/2/2004,Flamingo5B_333,3,Laguncularia,racemosa,21.4,14.73,1,,1,v,NA,5,-9999,25.359473,-81.080742,-9999,-9999,-9999,-9999,-9999,-9999,m simard,jm corcoran
Flamingo5B_333_tree_4,north_america,Florida,mangrove,11/2/2004,Flamingo5B_333,4,Laguncularia,racemosa,27.4,22.14,1,,1,v,NA,5,-9999,25.359473,-81.080742,-9999,-9999,-9999,-9999,-9999,-9999,m simard,jm corcoran
Flamingo5B_333_tree_5,north_america,Florida,mangrove,11/2/2004,Flamingo5B_333,5,Laguncularia,racemosa,22.1,22.14,1,,1,v,NA,5,-9999,25.359473,-81.080742,-9999,-9999,-9999,-9999,-9999,-9999,m simard,jm corcoran
Flamingo5B_333_tree_6,north_america,Florida,mangrove,11/2/2004,Flamingo5B_333,6,Avicennia,germinans,11.3,8.76,1,,1,v,NA,5,-9999,25.359473,-81.080742,-9999,-9999,-9999,-9999,-9999,-9999,m simard,jm corcoran
Flamingo5B_333_tree_7,north_america,Florida,mangrove,11/2/2004,Flamingo5B_333,7,Rhizophora,mangle,26.8,18.94,1,,1,v,NA,5,-9999,25.359473,-81.080742,-9999,-9999,-9999,-9999,-9999,-9999,m simard,jm corcoran
Flamingo5B_333_tree_8,north_america,Florida,mangrove,11/2/2004,Flamingo5B_333,8,Rhizophora,mangle,27.2,22.78,1,,1,v,NA,5,-9999,25.359473,-81.080742,-9999,-9999,-9999,-9999,-9999,-9999,m simard,jm corcoran
Flamingo5B_333_tree_9,north_america,Florida,mangrove,11/2/2004,Flamingo5B_333,9,Rhizophora,mangle,22.2,20.54,1,,1,v,NA,5,-9999,25.359473,-81.080742,-9999,-9999,-9999,-9999,-9999,-9999,m simard,jm corcoran
Flamingo5B_333_tree_10,north_america,Florida,mangrove,11/2/2004,Flamingo5B_333,10,Laguncularia,racemosa,16,14.3,1,,1,v,NA,5,-9999,25.359473,-81.080742,-9999,-9999,-9999,-9999,-9999,-9999,m simard,jm corcoran
Flamingo5B_333_tree_11,north_america,Florida,mangrove,11/2/2004,Flamingo5B_333,11,Rhizophora,mangle,22,20.85,1,,1,v,NA,5,-9999,25.359473,-81.080742,-9999,-9999,-9999,-9999,-9999,-9999,m simard,jm corcoran
Flamingo5B_333_tree_12,north_america,Florida,mangrove,11/2/2004,Flamingo5B_333,12,Rhizophora,mangle,20,19.71,1,,1,v,NA,5,-9999,25.359473,-81.080742,-9999,-9999,-9999,-9999,-9999,-9999,m simard,jm corcoran
Flamingo5B_333_tree_13,north_america,Florida,mangrove,11/2/2004,Flamingo5B_333,13,Rhizophora,mangle,29.8,20.66,1,,1,v,NA,5,-9999,25.359473,-81.080742,-9999,-9999,-9999,-9999,-9999,-9999,m simard,jm corcoran
Flamingo5B_333_tree_14,north_america,Florida,mangrove,11/2/2004,Flamingo5B_333,14,Rhizophora,mangle,24.3,17.19,1,,1,v,NA,5,-9999,25.359473,-81.080742,-9999,-9999,-9999,-9999,-9999,-9999,m simard,jm corcoran
Flamingo5B_433_tree_1,north_america,Florida,mangrove,11/2/2004,Flamingo5B_433,1,Laguncularia,racemosa,27.4,24.45,1,,1,v,NA,5,-9999,25.359473,-81.081934,-9999,-9999,-9999,-9999,-9999,-9999,m simard,jm corcoran
Flamingo5B_433_tree_2,north_america,Florida,mangrove,11/2/2004,Flamingo5B_433,2,Avicennia,germinans,25.7,19.45,1,,1,v,NA,5,-9999,25.359473,-81.081934,-9999,-9999,-9999,-9999,-9999,-9999,m simard,jm corcoran
Flamingo5B_433_tree_3,north_america,Florida,mangrove,11/2/2004,Flamingo5B_433,3,Rhizophora,mangle,5.8,8.7,1,,1,v,NA,5,-9999,25.359473,-81.081934,-9999,-9999,-9999,-9999,-9999,-9999,m simard,jm corcoran
Flamingo5B_433_tree_4,north_america,Florida,mangrove,11/2/2004,Flamingo5B_433,4,Rhizophora,mangle,23.8,22.75,1,,1,v,NA,5,-9999,25.359473,-81.081934,-9999,-9999,-9999,-9999,-9999,-9999,m simard,jm corcoran
Flamingo5B_433_tree_5,north_america,Florida,mangrove,11/2/2004,Flamingo5B_433,5,Rhizophora,mangle,19,15.26,1,,1,v,NA,5,-9999,25.359473,-81.081934,-9999,-9999,-9999,-9999,-9999,-9999,m simard,jm corcoran
Flamingo5B_433_tree_6,north_america,Florida,mangrove,11/2/2004,Flamingo5B_433,6,Rhizophora,mangle,15.6,18.91,1,,1,v,NA,5,-9999,25.359473,-81.081934,-9999,-9999,-9999,-9999,-9999,-9999,m simard,jm corcoran
Flamingo5B_433_tree_7,north_america,Florida,mangrove,11/2/2004,Flamingo5B_433,7,Laguncularia,racemosa,31.1,23,1,,1,v,NA,5,-9999,25.359473,-81.081934,-9999,-9999,-9999,-9999,-9999,-9999,m simard,jm corcoran
Flamingo5B_433_tree_8,north_america,Florida,mangrove,11/2/2004,Flamingo5B_433,8,Rhizophora,mangle,26.9,23.03,1,,1,v,NA,5,-9999,25.359473,-81.081934,-9999,-9999,-9999,-9999,-9999,-9999,m simard,jm corcoran
Flamingo5B_433_tree_9,north_america,Florida,mangrove,11/2/2004,Flamingo5B_433,9,Laguncularia,racemosa,14.5,14.69,1,,1,v,NA,5,-9999,25.359473,-81.081934,-9999,-9999,-9999,-9999,-9999,-9999,m simard,jm corcoran
Flamingo5B_433_tree_10,north_america,Florida,mangrove,11/2/2004,Flamingo5B_433,10,Rhizophora,mangle,20.8,21,1,,1,v,NA,5,-9999,25.359473,-81.081934,-9999,-9999,-9999,-9999,-9999,-9999,m simard,jm corcoran
Flamingo5B_433_tree_11,north_america,Florida,mangrove,11/2/2004,Flamingo5B_433,11,Laguncularia,racemosa,26.6,23.82,1,,1,v,NA,5,-9999,25.359473,-81.081934,-9999,-9999,-9999,-9999,-9999,-9999,m simard,jm corcoran
Flamingo5B_433_tree_12,north_america,Florida,mangrove,11/2/2004,Flamingo5B_433,12,Rhizophora,mangle,23.6,23.7,1,,1,v,NA,5,-9999,25.359473,-81.081934,-9999,-9999,-9999,-9999,-9999,-9999,m simard,jm corcoran
Flamingo5B_433_tree_13,north_america,Florida,mangrove,11/2/2004,Flamingo5B_433,13,Laguncularia,racemosa,20.4,16.22,1,,1,v,NA,5,-9999,25.359473,-81.081934,-9999,-9999,-9999,-9999,-9999,-9999,m simard,jm corcoran
Flamingo5B_433_tree_14,north_america,Florida,mangrove,11/2/2004,Flamingo5B_433,14,Rhizophora,mangle,18.6,17.62,1,,1,v,NA,5,-9999,25.359473,-81.081934,-9999,-9999,-9999,-9999,-9999,-9999,m simard,jm corcoran
Flamingo5B_433_tree_15,north_america,Florida,mangrove,11/2/2004,Flamingo5B_433,15,Rhizophora,mangle,23.1,27.4,1,,1,v,NA,5,-9999,25.359473,-81.081934,-9999,-9999,-9999,-9999,-9999,-9999,m simard,jm corcoran
Flamingo5B_433_tree_16,north_america,Florida,mangrove,11/2/2004,Flamingo5B_433,16,Avicennia,germinans,41.2,18.65,1,,1,v,NA,5,-9999,25.359473,-81.081934,-9999,-9999,-9999,-9999,-9999,-9999,m simard,jm corcoran
Flamingo5B_633_tree_1,north_america,Florida,mangrove,11/2/2004,Flamingo5B_633,1,Rhizophora,mangle,14.5,14.84,1,,1,v,NA,5,-9999,25.359202,-81.083722,-9999,-9999,-9999,-9999,-9999,-9999,m simard,jm corcoran
Flamingo5B_633_tree_2,north_america,Florida,mangrove,11/2/2004,Flamingo5B_633,2,Rhizophora,mangle,6.6,8.69,1,,1,v,NA,5,-9999,25.359202,-81.083722,-9999,-9999,-9999,-9999,-9999,-9999,m simard,jm corcoran
Flamingo5B_633_tree_3,north_america,Florida,mangrove,11/2/2004,Flamingo5B_633,3,Rhizophora,mangle,14.3,15.41,1,,1,v,NA,5,-9999,25.359202,-81.083722,-9999,-9999,-9999,-9999,-9999,-9999,m simard,jm corcoran
Flamingo5B_633_tree_4,north_america,Florida,mangrove,11/2/2004,Flamingo5B_633,4,Rhizophora,mangle,9.2,11.2,1,,1,v,NA,5,-9999,25.359202,-81.083722,-9999,-9999,-9999,-9999,-9999,-9999,m simard,jm corcoran
Flamingo5B_633_tree_5,north_america,Florida,mangrove,11/2/2004,Flamingo5B_633,5,Rhizophora,mangle,16.5,9.91,1,,1,v,NA,5,-9999,25.359202,-81.083722,-9999,-9999,-9999,-9999,-9999,-9999,m simard,jm corcoran
Flamingo5B_633_tree_6,north_america,Florida,mangrove,11/2/2004,Flamingo5B_633,6,Rhizophora,mangle,18.6,13.54,1,,1,v,NA,5,-9999,25.359202,-81.083722,-9999,-9999,-9999,-9999,-9999,-9999,m simard,jm corcoran
Flamingo5B_633_tree_7,north_america,Florida,mangrove,11/2/2004,Flamingo5B_633,7,Rhizophora,mangle,20.5,16.3,1,,1,v,NA,5,-9999,25.359202,-81.083722,-9999,-9999,-9999,-9999,-9999,-9999,m simard,jm corcoran
Flamingo5B_633_tree_8,north_america,Florida,mangrove,11/2/2004,Flamingo5B_633,8,Rhizophora,mangle,20.3,12.24,1,,1,v,NA,5,-9999,25.359202,-81.083722,-9999,-9999,-9999,-9999,-9999,-9999,m simard,jm corcoran
Flamingo5B_633_tree_9,north_america,Florida,mangrove,11/2/2004,Flamingo5B_633,9,Rhizophora,mangle,19.2,9.82,1,,1,v,NA,5,-9999,25.359202,-81.083722,-9999,-9999,-9999,-9999,-9999,-9999,m simard,jm corcoran
Flamingo5B_633_tree_10,north_america,Florida,mangrove,11/2/2004,Flamingo5B_633,10,Rhizophora,mangle,23.6,12,1,,1,v,NA,5,-9999,25.359202,-81.083722,-9999,-9999,-9999,-9999,-9999,-9999,m simard,jm corcoran
Flamingo5B_633_tree_11,north_america,Florida,mangrove,11/2/2004,Flamingo5B_633,11,Rhizophora,mangle,9.9,10.16,1,,1,v,NA,5,-9999,25.359202,-81.083722,-9999,-9999,-9999,-9999,-9999,-9999,m simard,jm corcoran
Flamingo5B_733_tree_1,north_america,Florida,mangrove,11/2/2004,Flamingo5B_733,1,Rhizophora,mangle,16,17.01,1,,1,v,NA,5,-9999,25.358931,-81.084616,-9999,-9999,-9999,-9999,-9999,-9999,m simard,jm corcoran
Flamingo5B_733_tree_2,north_america,Florida,mangrove,11/2/2004,Flamingo5B_733,2,Laguncularia,racemosa,25.8,18.68,1,,1,v,NA,5,-9999,25.358931,-81.084616,-9999,-9999,-9999,-9999,-9999,-9999,m simard,jm corcoran
Flamingo5B_733_tree_3,north_america,Florida,mangrove,11/2/2004,Flamingo5B_733,3,Laguncularia,racemosa,33.2,16.69,1,,1,v,NA,5,-9999,25.358931,-81.084616,-9999,-9999,-9999,-9999,-9999,-9999,m simard,jm corcoran
Flamingo5B_733_tree_4,north_america,Florida,mangrove,11/2/2004,Flamingo5B_733,4,Rhizophora,mangle,27.6,15.16,1,,1,v,NA,5,-9999,25.358931,-81.084616,-9999,-9999,-9999,-9999,-9999,-9999,m simard,jm corcoran
Flamingo5B_733_tree_5,north_america,Florida,mangrove,11/2/2004,Flamingo5B_733,5,Rhizophora,mangle,11.6,6.46,1,,1,v,NA,5,-9999,25.358931,-81.084616,-9999,-9999,-9999,-9999,-9999,-9999,m simard,jm corcoran
Flamingo5B_733_tree_6,north_america,Florida,mangrove,11/2/2004,Flamingo5B_733,6,Rhizophora,mangle,22.7,18.11,1,,1,v,NA,5,-9999,25.358931,-81.084616,-9999,-9999,-9999,-9999,-9999,-9999,m simard,jm corcoran
Flamingo5B_733_tree_7,north_america,Florida,mangrove,11/2/2004,Flamingo5B_733,7,Rhizophora,mangle,5.9,6.11,1,,1,v,NA,5,-9999,25.358931,-81.084616,-9999,-9999,-9999,-9999,-9999,-9999,m simard,jm corcoran
Flamingo5B_733_tree_8,north_america,Florida,mangrove,11/2/2004,Flamingo5B_733,8,Rhizophora,mangle,5.1,5.8,1,,1,v,NA,5,-9999,25.358931,-81.084616,-9999,-9999,-9999,-9999,-9999,-9999,m simard,jm corcoran
Flamingo5B_733_tree_9,north_america,Florida,mangrove,11/2/2004,Flamingo5B_733,9,Rhizophora,mangle,7.5,8.43,1,,1,v,NA,5,-9999,25.358931,-81.084616,-9999,-9999,-9999,-9999,-9999,-9999,m simard,jm corcoran
Flamingo5B_733_tree_10,north_america,Florida,mangrove,11/2/2004,Flamingo5B_733,10,Rhizophora,mangle,15.6,15.2,1,,1,v,NA,5,-9999,25.358931,-81.084616,-9999,-9999,-9999,-9999,-9999,-9999,m simard,jm corcoran
